quantile,SVM
Q1,0.7142857142857143
Q2,0.6666666666666666
Q3,0.726878612716763
Q4,0.7027417027417028
