{
    "full_model_name_with_seed": "CDs_and_Vinyl_llm_openai_gpt-4o-mini_few_shot_seed42",
    "category": "CDs_and_Vinyl",
    "model_identifier": "llm_openai_gpt-4o-mini_few_shot",
    "f1_score": 0.5993589743589743,
    "accuracy": 0.6,
    "classification_report": {
        "0": {
            "precision": 0.5925925925925926,
            "recall": 0.64,
            "f1-score": 0.6153846153846154,
            "support": 25.0
        },
        "1": {
            "precision": 0.6086956521739131,
            "recall": 0.56,
            "f1-score": 0.5833333333333334,
            "support": 25.0
        },
        "accuracy": 0.6,
        "macro avg": {
            "precision": 0.6006441223832528,
            "recall": 0.6000000000000001,
            "f1-score": 0.5993589743589745,
            "support": 50.0
        },
        "weighted avg": {
            "precision": 0.6006441223832528,
            "recall": 0.6,
            "f1-score": 0.5993589743589743,
            "support": 50.0
        }
    },
    "roc_auc": null,
    "confusion_matrix_values": [
        [
            16,
            9
        ],
        [
            11,
            14
        ]
    ]
}