{
    "svm": {
        "metrics_across_all_categories_and_seeds": {
            "avg_accuracy": 0.7086513994910941,
            "avg_f1": 0.7056781483268063,
            "avg_roc_auc": 0.7894830979805632,
            "_avg_cm_ndarray": [
                [
                    1272.0,
                    300.0
                ],
                [
                    616.0,
                    956.0
                ]
            ],
            "total_runs": 1
        },
        "metrics_per_category": {
            "CDs_and_Vinyl": {
                "avg_accuracy": 0.7086513994910941,
                "avg_f1": 0.7056781483268063,
                "avg_roc_auc": 0.7894830979805632,
                "_avg_cm_ndarray": [
                    [
                        1272.0,
                        300.0
                    ],
                    [
                        616.0,
                        956.0
                    ]
                ],
                "num_seeds": 1
            }
        }
    },
    "random_forest": {
        "metrics_across_all_categories_and_seeds": {
            "avg_accuracy": 0.7255089058524173,
            "avg_f1": 0.7251785830947582,
            "avg_roc_auc": 0.8000237942621836,
            "_avg_cm_ndarray": [
                [
                    1195.0,
                    377.0
                ],
                [
                    486.0,
                    1086.0
                ]
            ],
            "total_runs": 1
        },
        "metrics_per_category": {
            "CDs_and_Vinyl": {
                "avg_accuracy": 0.7255089058524173,
                "avg_f1": 0.7251785830947582,
                "avg_roc_auc": 0.8000237942621836,
                "_avg_cm_ndarray": [
                    [
                        1195.0,
                        377.0
                    ],
                    [
                        486.0,
                        1086.0
                    ]
                ],
                "num_seeds": 1
            }
        }
    },
    "cnn_Hybrid": {
        "metrics_across_all_categories_and_seeds": {
            "avg_accuracy": 0.7270992366412213,
            "avg_f1": 0.7270952609880104,
            "avg_roc_auc": 0.803662535853259,
            "_avg_cm_ndarray": [
                [
                    1137.0,
                    435.0
                ],
                [
                    423.0,
                    1149.0
                ]
            ],
            "total_runs": 1
        },
        "metrics_per_category": {
            "CDs_and_Vinyl": {
                "avg_accuracy": 0.7270992366412213,
                "avg_f1": 0.7270952609880104,
                "avg_roc_auc": 0.803662535853259,
                "_avg_cm_ndarray": [
                    [
                        1137.0,
                        435.0
                    ],
                    [
                        423.0,
                        1149.0
                    ]
                ],
                "num_seeds": 1
            }
        }
    },
    "llm_openai_gpt-4o-mini_zero_shot": {
        "metrics_across_all_categories_and_seeds": {
            "avg_accuracy": 0.62,
            "avg_f1": 0.6161616161616161,
            "avg_roc_auc": null,
            "_avg_cm_ndarray": [
                [
                    18.0,
                    7.0
                ],
                [
                    12.0,
                    13.0
                ]
            ],
            "total_runs": 1
        },
        "metrics_per_category": {
            "CDs_and_Vinyl": {
                "avg_accuracy": 0.62,
                "avg_f1": 0.6161616161616161,
                "avg_roc_auc": null,
                "_avg_cm_ndarray": [
                    [
                        18.0,
                        7.0
                    ],
                    [
                        12.0,
                        13.0
                    ]
                ],
                "num_seeds": 1
            }
        }
    },
    "llm_openai_gpt-4o-mini_few_shot": {
        "metrics_across_all_categories_and_seeds": {
            "avg_accuracy": 0.6,
            "avg_f1": 0.5993589743589743,
            "avg_roc_auc": null,
            "_avg_cm_ndarray": [
                [
                    16.0,
                    9.0
                ],
                [
                    11.0,
                    14.0
                ]
            ],
            "total_runs": 1
        },
        "metrics_per_category": {
            "CDs_and_Vinyl": {
                "avg_accuracy": 0.6,
                "avg_f1": 0.5993589743589743,
                "avg_roc_auc": null,
                "_avg_cm_ndarray": [
                    [
                        16.0,
                        9.0
                    ],
                    [
                        11.0,
                        14.0
                    ]
                ],
                "num_seeds": 1
            }
        }
    }
}