,CNN-H,GPT-4o-mini FS,GPT-4o-mini ZS,RF,SVM
CDs_and_Vinyl,0.7270992366412213,0.6,0.58,0.7255089058524173,0.7086513994910941
Overall,0.7270992366412213,0.6,0.58,0.7255089058524173,0.7086513994910941
