quantile,CNN-H,GPT-4o-mini FS,GPT-4o-mini ZS,RF,SVM
Q1,0.7272727272727273,0.7272727272727273,0.7272727272727273,0.7359307359307359,0.7142857142857143
Q2,0.7200577200577201,0.6363636363636364,0.5454545454545454,0.7157287157287158,0.6666666666666666
Q3,0.7528901734104047,0.4,0.4,0.7341040462427746,0.726878612716763
Q4,0.7113997113997114,0.45454545454545453,0.45454545454545453,0.7186147186147186,0.7027417027417028
