{
    "model": "CDs_and_Vinyl_gpt-3.5-turbo_zero_shot_seed42",
    "accuracy": 0.44,
    "f1_score": 0.4252873563218391,
    "roc_auc": "N/A",
    "classification_report": {
        "0": {
            "precision": 0.4117647058823529,
            "recall": 0.28,
            "f1-score": 0.3333333333333333,
            "support": 25.0
        },
        "1": {
            "precision": 0.45454545454545453,
            "recall": 0.6,
            "f1-score": 0.5172413793103449,
            "support": 25.0
        },
        "accuracy": 0.44,
        "macro avg": {
            "precision": 0.4331550802139037,
            "recall": 0.44,
            "f1-score": 0.4252873563218391,
            "support": 50.0
        },
        "weighted avg": {
            "precision": 0.4331550802139037,
            "recall": 0.44,
            "f1-score": 0.4252873563218391,
            "support": 50.0
        }
    },
    "confusion_matrix_values": [
        [
            7,
            18
        ],
        [
            10,
            15
        ]
    ]
}