{
    "model": "CDs_and_Vinyl_cnn_text_seed42",
    "accuracy": 0.713882618510158,
    "f1_score": 0.7128744735869023,
    "roc_auc": 0.7857326661537128,
    "classification_report": {
        "0": {
            "precision": 0.6912209889001009,
            "recall": 0.7731376975169301,
            "f1-score": 0.7298881193393714,
            "support": 886.0
        },
        "1": {
            "precision": 0.7426376440460948,
            "recall": 0.654627539503386,
            "f1-score": 0.6958608278344331,
            "support": 886.0
        },
        "accuracy": 0.713882618510158,
        "macro avg": {
            "precision": 0.7169293164730979,
            "recall": 0.7138826185101581,
            "f1-score": 0.7128744735869023,
            "support": 1772.0
        },
        "weighted avg": {
            "precision": 0.7169293164730979,
            "recall": 0.713882618510158,
            "f1-score": 0.7128744735869023,
            "support": 1772.0
        }
    },
    "confusion_matrix_values": [
        [
            685,
            201
        ],
        [
            306,
            580
        ]
    ]
}