{
    "model": "CDs_and_Vinyl_rcnn_hybrid_seed42",
    "accuracy": 0.7110609480812641,
    "f1_score": 0.7081156902486889,
    "roc_auc": 0.7924473500501914,
    "classification_report": {
        "0": {
            "precision": 0.6757518796992481,
            "recall": 0.8115124153498872,
            "f1-score": 0.7374358974358974,
            "support": 886.0
        },
        "1": {
            "precision": 0.7641242937853108,
            "recall": 0.6106094808126411,
            "f1-score": 0.6787954830614805,
            "support": 886.0
        },
        "accuracy": 0.7110609480812641,
        "macro avg": {
            "precision": 0.7199380867422794,
            "recall": 0.7110609480812642,
            "f1-score": 0.7081156902486889,
            "support": 1772.0
        },
        "weighted avg": {
            "precision": 0.7199380867422794,
            "recall": 0.7110609480812641,
            "f1-score": 0.7081156902486889,
            "support": 1772.0
        }
    },
    "confusion_matrix_values": [
        [
            719,
            167
        ],
        [
            345,
            541
        ]
    ]
}