,random_forest,svm
CDs_and_Vinyl,0.7255089058524173,0.7086513994910941
Overall,0.7255089058524173,0.7086513994910941
