{
    "model": "CDs_and_Vinyl_cnn_seed42",
    "accuracy": 0.7121896162528216,
    "f1_score": 0.7105343065468984,
    "roc_auc": 0.7880320409275969,
    "classification_report": {
        "0": {
            "precision": 0.6843137254901961,
            "recall": 0.7878103837471784,
            "f1-score": 0.7324239244491081,
            "support": 886.0
        },
        "1": {
            "precision": 0.75,
            "recall": 0.636568848758465,
            "f1-score": 0.6886446886446886,
            "support": 886.0
        },
        "accuracy": 0.7121896162528216,
        "macro avg": {
            "precision": 0.717156862745098,
            "recall": 0.7121896162528216,
            "f1-score": 0.7105343065468983,
            "support": 1772.0
        },
        "weighted avg": {
            "precision": 0.7171568627450982,
            "recall": 0.7121896162528216,
            "f1-score": 0.7105343065468984,
            "support": 1772.0
        }
    },
    "confusion_matrix_values": [
        [
            698,
            188
        ],
        [
            322,
            564
        ]
    ]
}