{
    "model": "CDs_and_Vinyl_gpt-3.5-turbo_few_shot_seed42",
    "accuracy": 0.42,
    "f1_score": 0.39194708557255065,
    "roc_auc": "N/A",
    "classification_report": {
        "0": {
            "precision": 0.42857142857142855,
            "recall": 0.2222222222222222,
            "f1-score": 0.2926829268292683,
            "support": 27.0
        },
        "1": {
            "precision": 0.4166666666666667,
            "recall": 0.6521739130434783,
            "f1-score": 0.5084745762711864,
            "support": 23.0
        },
        "accuracy": 0.42,
        "macro avg": {
            "precision": 0.4226190476190476,
            "recall": 0.43719806763285024,
            "f1-score": 0.4005787515502274,
            "support": 50.0
        },
        "weighted avg": {
            "precision": 0.4230952380952381,
            "recall": 0.42,
            "f1-score": 0.39194708557255065,
            "support": 50.0
        }
    },
    "confusion_matrix_values": [
        [
            6,
            21
        ],
        [
            8,
            15
        ]
    ]
}