{
    "model": "CDs_and_Vinyl_gpt-3.5-turbo_zero_shot_seed42",
    "accuracy": 0.474,
    "f1_score": 0.4700807169828048,
    "roc_auc": "N/A",
    "classification_report": {
        "0": {
            "precision": 0.46859903381642515,
            "recall": 0.388,
            "f1-score": 0.424507658643326,
            "support": 250.0
        },
        "1": {
            "precision": 0.4778156996587031,
            "recall": 0.56,
            "f1-score": 0.5156537753222836,
            "support": 250.0
        },
        "accuracy": 0.474,
        "macro avg": {
            "precision": 0.47320736673756414,
            "recall": 0.47400000000000003,
            "f1-score": 0.47008071698280485,
            "support": 500.0
        },
        "weighted avg": {
            "precision": 0.47320736673756414,
            "recall": 0.474,
            "f1-score": 0.4700807169828048,
            "support": 500.0
        }
    },
    "confusion_matrix_values": [
        [
            97,
            153
        ],
        [
            110,
            140
        ]
    ]
}