{
    "model": "CDs_and_Vinyl_gpt-3.5-turbo_few_shot_seed42",
    "accuracy": 0.436,
    "f1_score": 0.40620578128158474,
    "roc_auc": "N/A",
    "classification_report": {
        "0": {
            "precision": 0.38405797101449274,
            "recall": 0.212,
            "f1-score": 0.27319587628865977,
            "support": 250.0
        },
        "1": {
            "precision": 0.4558011049723757,
            "recall": 0.66,
            "f1-score": 0.5392156862745098,
            "support": 250.0
        },
        "accuracy": 0.436,
        "macro avg": {
            "precision": 0.41992953799343424,
            "recall": 0.436,
            "f1-score": 0.4062057812815848,
            "support": 500.0
        },
        "weighted avg": {
            "precision": 0.41992953799343424,
            "recall": 0.436,
            "f1-score": 0.40620578128158474,
            "support": 500.0
        }
    },
    "confusion_matrix_values": [
        [
            53,
            197
        ],
        [
            85,
            165
        ]
    ]
}