{
    "model": "CDs_and_Vinyl_svm_seed42",
    "accuracy": 0.7025510204081633,
    "f1_score": 0.7025286419141799,
    "roc_auc": 0.776170866305706,
    "classification_report": {
        "0": {
            "precision": 0.7061266874350987,
            "recall": 0.6938775510204082,
            "f1-score": 0.6999485331960885,
            "support": 980.0
        },
        "1": {
            "precision": 0.6990972918756269,
            "recall": 0.7112244897959183,
            "f1-score": 0.7051087506322711,
            "support": 980.0
        },
        "accuracy": 0.7025510204081633,
        "macro avg": {
            "precision": 0.7026119896553628,
            "recall": 0.7025510204081633,
            "f1-score": 0.7025286419141799,
            "support": 1960.0
        },
        "weighted avg": {
            "precision": 0.7026119896553629,
            "recall": 0.7025510204081633,
            "f1-score": 0.7025286419141799,
            "support": 1960.0
        }
    },
    "confusion_matrix": [
        [
            680,
            300
        ],
        [
            283,
            697
        ]
    ]
}