{
    "model": "CDs_and_Vinyl_svm_seed42",
    "accuracy": 0.623,
    "f1_score": 0.6223651958942983,
    "roc_auc": 0.668565,
    "classification_report": {
        "0": {
            "precision": 0.6339869281045751,
            "recall": 0.582,
            "f1-score": 0.6068821689259646,
            "support": 1000.0
        },
        "1": {
            "precision": 0.6136783733826248,
            "recall": 0.664,
            "f1-score": 0.6378482228626321,
            "support": 1000.0
        },
        "accuracy": 0.623,
        "macro avg": {
            "precision": 0.6238326507436,
            "recall": 0.623,
            "f1-score": 0.6223651958942984,
            "support": 2000.0
        },
        "weighted avg": {
            "precision": 0.6238326507436,
            "recall": 0.623,
            "f1-score": 0.6223651958942983,
            "support": 2000.0
        }
    },
    "confusion_matrix": [
        [
            582,
            418
        ],
        [
            336,
            664
        ]
    ]
}