{
    "model": "Digital_Music_svm_seed42",
    "accuracy": 0.6885964912280702,
    "f1_score": 0.6827313172490838,
    "roc_auc": 0.7224915358571868,
    "classification_report": {
        "0": {
            "precision": 0.6482758620689655,
            "recall": 0.8245614035087719,
            "f1-score": 0.7258687258687259,
            "support": 114.0
        },
        "1": {
            "precision": 0.7590361445783133,
            "recall": 0.5526315789473685,
            "f1-score": 0.6395939086294417,
            "support": 114.0
        },
        "accuracy": 0.6885964912280702,
        "macro avg": {
            "precision": 0.7036560033236394,
            "recall": 0.6885964912280702,
            "f1-score": 0.6827313172490838,
            "support": 228.0
        },
        "weighted avg": {
            "precision": 0.7036560033236393,
            "recall": 0.6885964912280702,
            "f1-score": 0.6827313172490838,
            "support": 228.0
        }
    },
    "confusion_matrix": [
        [
            94,
            20
        ],
        [
            51,
            63
        ]
    ]
}