{
    "model": "random_forest_seed42",
    "f1_score": 0.6441305083873808,
    "roc_auc": 0.6354073306532474,
    "classification_report": {
        "0": {
            "precision": 0.7146351406441093,
            "recall": 0.8203088441740758,
            "f1-score": 0.7638344226579521,
            "support": 4274.0
        },
        "1": {
            "precision": 0.48970099667774086,
            "recall": 0.3448759943846514,
            "f1-score": 0.40472267984623833,
            "support": 2137.0
        },
        "accuracy": 0.661831227577601,
        "macro avg": {
            "precision": 0.6021680686609251,
            "recall": 0.5825924192793636,
            "f1-score": 0.5842785512520952,
            "support": 6411.0
        },
        "weighted avg": {
            "precision": 0.6396570926553198,
            "recall": 0.661831227577601,
            "f1-score": 0.6441305083873808,
            "support": 6411.0
        }
    },
    "confusion_matrix": [
        [
            3506,
            768
        ],
        [
            1400,
            737
        ]
    ]
}