{
    "model": "random_forest_seed42",
    "f1_score": 0.5837266600763739,
    "roc_auc": 0.5802009600520706,
    "classification_report": {
        "0": {
            "precision": 0.3333333333333333,
            "recall": 0.00980392156862745,
            "f1-score": 0.01904761904761905,
            "support": 102.0
        },
        "1": {
            "precision": 0.7029411764705882,
            "recall": 0.991701244813278,
            "f1-score": 0.8227194492254734,
            "support": 241.0
        },
        "accuracy": 0.6997084548104956,
        "macro avg": {
            "precision": 0.5181372549019607,
            "recall": 0.5007525831909527,
            "f1-score": 0.4208835341365462,
            "support": 343.0
        },
        "weighted avg": {
            "precision": 0.5930286400274395,
            "recall": 0.6997084548104956,
            "f1-score": 0.5837266600763739,
            "support": 343.0
        }
    },
    "confusion_matrix": [
        [
            1,
            101
        ],
        [
            2,
            239
        ]
    ]
}