{
    "random_forest": {
        "avg_f1": 0.5837266600763739,
        "avg_roc_auc": 0.5802009600520706
    }
}