{
    "CDs_and_Vinyl_svm": {
        "avg_accuracy": 0.623,
        "std_accuracy": 0.0,
        "avg_f1": 0.6223651958942983,
        "std_f1": 0.0,
        "avg_roc_auc": 0.668565,
        "std_roc_auc": 0.0
    },
    "Digital_Music_svm": {
        "avg_accuracy": 0.6885964912280702,
        "std_accuracy": 0.0,
        "avg_f1": 0.6827313172490838,
        "std_f1": 0.0,
        "avg_roc_auc": 0.7224915358571868,
        "std_roc_auc": 0.0
    }
}