{
    "svm": {
        "avg_f1": 0.6299119530125624,
        "avg_roc_auc": 0.6092582633367267
    },
    "random_forest": {
        "avg_f1": 0.6441305083873808,
        "avg_roc_auc": 0.6354073306532474
    }
}