{
    "model": "svm_seed42",
    "f1_score": 0.6299119530125624,
    "roc_auc": 0.6092582633367267,
    "classification_report": {
        "0": {
            "precision": 0.7013609354034887,
            "recall": 0.8561066916237716,
            "f1-score": 0.7710462543462228,
            "support": 4274.0
        },
        "1": {
            "precision": 0.4849246231155779,
            "recall": 0.2709405708937763,
            "f1-score": 0.3476433503452417,
            "support": 2137.0
        },
        "accuracy": 0.6610513180471065,
        "macro avg": {
            "precision": 0.5931427792595333,
            "recall": 0.5635236312587739,
            "f1-score": 0.5593448023457323,
            "support": 6411.0
        },
        "weighted avg": {
            "precision": 0.6292154979741851,
            "recall": 0.6610513180471065,
            "f1-score": 0.6299119530125624,
            "support": 6411.0
        }
    },
    "confusion_matrix": [
        [
            3659,
            615
        ],
        [
            1558,
            579
        ]
    ]
}