{
    "full_model_name_with_seed": "CDs_and_Vinyl_llm_openai_gpt-4o-mini_zero_shot_seed42",
    "category": "CDs_and_Vinyl",
    "model_identifier": "llm_openai_gpt-4o-mini_zero_shot",
    "f1_score": 0.5974235104669887,
    "accuracy": 0.6,
    "classification_report": {
        "0": {
            "precision": 0.5862068965517241,
            "recall": 0.68,
            "f1-score": 0.6296296296296297,
            "support": 25.0
        },
        "1": {
            "precision": 0.6190476190476191,
            "recall": 0.52,
            "f1-score": 0.5652173913043478,
            "support": 25.0
        },
        "accuracy": 0.6,
        "macro avg": {
            "precision": 0.6026272577996716,
            "recall": 0.6000000000000001,
            "f1-score": 0.5974235104669887,
            "support": 50.0
        },
        "weighted avg": {
            "precision": 0.6026272577996715,
            "recall": 0.6,
            "f1-score": 0.5974235104669887,
            "support": 50.0
        }
    },
    "roc_auc": null,
    "confusion_matrix_values": [
        [
            17,
            8
        ],
        [
            12,
            13
        ]
    ]
}